<?xml version="1.0"?>
<pagescount>
	<html_total>5</html_total>
	<html_done>5</html_done>
	<img>13</img>
	<js>7</js>
	<css/>
	<pdf/>
	<doc/>
	<xls/>
	<ppt/>
	<swf/>
	<mp3/>
	<mp4/>
	<xml/>
	<json/>
	<txt/>
	<fonts/>
	<scraping_reload>1</scraping_reload>
	<is_pretty_url>false</is_pretty_url>
	<is_ebn>false</is_ebn>
	<theme_name>361328</theme_name>
	<server_url_front_page>https://www6.waybackmachinedownloader.com/wdo/files/demo/teretulemast.my-free.website_supportgl_online.ee_n108uaf2gz/</server_url_front_page>
	<no_www_url>teretulemast.my-free.website</no_www_url>
	<hosted_domain/>
	<original_archive_url>https://teretulemast.my-free.website/</original_archive_url>
	<final_archive_url>https://teretulemast.my-free.website/</final_archive_url>
	<front_page_code_date/>
	<total_urls_from_api/>
	<search_url_added>false</search_url_added>
	<total_size>2640</total_size>
</pagescount>
